<?xml version="1.0" encoding="UTF-8"?>
<rss version="2.0" xmlns:ror="http://rorweb.com/0.1/" >
<channel>
  <title>ROR Sitemap for https://revenuemasters.com/</title>
  <link>https://revenuemasters.com/</link>

<item>
     <link>https://revenuemasters.com/</link>
     <title>Payer Contract Management | Revenue Masters</title>
     <description>Powerful payer contract management platform for healthcare providers to find all denials and underpayments and enable 100% collections across all payers.</description>
     <ror:updatePeriod></ror:updatePeriod>
     <ror:sortOrder>0</ror:sortOrder>
     <ror:resourceOf>sitemap</ror:resourceOf>
</item>
<item>
     <link>https://revenuemasters.com/healthcare-contract-management-software</link>
     <title>Healthcare Contract Modeling and Management Software | RevMasters</title>
     <description>Healthcare contract management software. Robust &amp;amp; simple to use from payment variance to appeal underpayments and denials. Money back guarantee with any HIS</description>
     <ror:updatePeriod></ror:updatePeriod>
     <ror:sortOrder>1</ror:sortOrder>
     <ror:resourceOf>sitemap</ror:resourceOf>
</item>
<item>
     <link>https://revenuemasters.com/rm-api</link>
     <title>Healthcare Contract Modeling &amp;amp; Management | Revenue Masters-API</title>
     <description>We provide Healthcare Contract Modeling solutions for healthcare providers. RM-API partnership option can cover your clients&amp;#039; contract modeling needs.</description>
     <ror:updatePeriod></ror:updatePeriod>
     <ror:sortOrder>1</ror:sortOrder>
     <ror:resourceOf>sitemap</ror:resourceOf>
</item>
<item>
     <link>https://revenuemasters.com/revenue-masters-partner-programs</link>
     <title>Healthcare Contract Payer Management | Revenue Masters Partners</title>
     <description>Revenue Masters offers a healthcare contract management partners program with the purpose of simplifying the business of Healthcare.</description>
     <ror:updatePeriod></ror:updatePeriod>
     <ror:sortOrder>1</ror:sortOrder>
     <ror:resourceOf>sitemap</ror:resourceOf>
</item>
<item>
     <link>https://revenuemasters.com/demo-booking</link>
     <title>Demo Booking | Revenue Masters</title>
     <description>Demo Booking | Revenue Masters</description>
     <ror:updatePeriod></ror:updatePeriod>
     <ror:sortOrder>1</ror:sortOrder>
     <ror:resourceOf>sitemap</ror:resourceOf>
</item>
<item>
     <link>https://revenuemasters.com/node/81</link>
     <title>RM Downloads | Revenue Masters</title>
     <description>RM Downloads | Revenue Masters</description>
     <ror:updatePeriod></ror:updatePeriod>
     <ror:sortOrder>1</ror:sortOrder>
     <ror:resourceOf>sitemap</ror:resourceOf>
</item>
<item>
     <link>https://revenuemasters.com/intro-call-booking</link>
     <title>Intro Call Booking | Revenue Masters</title>
     <description>Intro Call Booking | Revenue Masters</description>
     <ror:updatePeriod></ror:updatePeriod>
     <ror:sortOrder>1</ror:sortOrder>
     <ror:resourceOf>sitemap</ror:resourceOf>
</item>
<item>
     <link>https://revenuemasters.com/page-contact</link>
     <title>Contact Us | Revenue Masters</title>
     <description>Contact Us | Revenue Masters</description>
     <ror:updatePeriod></ror:updatePeriod>
     <ror:sortOrder>1</ror:sortOrder>
     <ror:resourceOf>sitemap</ror:resourceOf>
</item>
<item>
     <link>https://revenuemasters.com/white-paper-download-form</link>
     <title>White Paper Download Form | Revenue Masters</title>
     <description>White Paper Download Form | Revenue Masters</description>
     <ror:updatePeriod></ror:updatePeriod>
     <ror:sortOrder>1</ror:sortOrder>
     <ror:resourceOf>sitemap</ror:resourceOf>
</item>
<item>
     <link>https://revenuemasters.com/new-payment-recovery-brochure</link>
     <title>New Payment Recovery Brochure | Revenue Masters</title>
     <description>New Payment Recovery Brochure | Revenue Masters</description>
     <ror:updatePeriod></ror:updatePeriod>
     <ror:sortOrder>1</ror:sortOrder>
     <ror:resourceOf>sitemap</ror:resourceOf>
</item>
<item>
     <link>https://revenuemasters.com/healthcare-contract-management</link>
     <title>Healthcare Contract Modeling and Management Software | RevMasters</title>
     <description>Healthcare contract management software. Robust &amp;amp; simple to use from payment variance to appeal underpayments and denials. Money back guarantee with any HIS</description>
     <ror:updatePeriod></ror:updatePeriod>
     <ror:sortOrder>1</ror:sortOrder>
     <ror:resourceOf>sitemap</ror:resourceOf>
</item>
<item>
     <link>https://revenuemasters.com/payment-recovery</link>
     <title>Healthcare Revenue Management | Revenue Masters Payment Recovery</title>
     <description>Revenue Masters provides Healthcare Revenue Management solutions for payment review and recovery for providers. Get your Free Payment Variance Report!</description>
     <ror:updatePeriod></ror:updatePeriod>
     <ror:sortOrder>1</ror:sortOrder>
     <ror:resourceOf>sitemap</ror:resourceOf>
</item>
<item>
     <link>https://revenuemasters.com/rm-cvc-app-page</link>
     <title>Healthcare Denials Management | Revenue Masters CvC App</title>
     <description>RM CvC App can help healthcare providers see their collected vs. collectable to ensure powerful healthcare denials Management &amp;amp; 100% collections.</description>
     <ror:updatePeriod></ror:updatePeriod>
     <ror:sortOrder>1</ror:sortOrder>
     <ror:resourceOf>sitemap</ror:resourceOf>
</item>
<item>
     <link>https://revenuemasters.com/healthcare-contract-modeling-provider-clients</link>
     <title>Healthcare Contract Modeling Provider Clients | Revenue Masters</title>
     <description>We provide Healthcare Contract Modeling solutions for all types of healthcare providers. See Provider clients using Revenue Masters software.</description>
     <ror:updatePeriod></ror:updatePeriod>
     <ror:sortOrder>1</ror:sortOrder>
     <ror:resourceOf>sitemap</ror:resourceOf>
</item>
<item>
     <link>https://revenuemasters.com/revenue-masters-developers</link>
     <title>Payer Contract Management | Revenue Masters</title>
     <description>Revenue Masters Payer Contract Management is cloud-based technology that offers healthcare contract management and modeling for healthcare providers.</description>
     <ror:updatePeriod></ror:updatePeriod>
     <ror:sortOrder>1</ror:sortOrder>
     <ror:resourceOf>sitemap</ror:resourceOf>
</item>
<item>
     <link>https://revenuemasters.com/who-we-are</link>
     <title>Healthcare Contract Management Software Team | Revenue Masters</title>
     <description>Learn about our Healthcare Contract Management Software Team at  Revenue Masters who take pride in providing the best service for healthcare providers.</description>
     <ror:updatePeriod></ror:updatePeriod>
     <ror:sortOrder>1</ror:sortOrder>
     <ror:resourceOf>sitemap</ror:resourceOf>
</item>
<item>
     <link>https://revenuemasters.com/blog-grid</link>
     <title>Blog Grid | Revenue Masters</title>
     <description>Blog Grid | Revenue Masters</description>
     <ror:updatePeriod></ror:updatePeriod>
     <ror:sortOrder>1</ror:sortOrder>
     <ror:resourceOf>sitemap</ror:resourceOf>
</item>
<item>
     <link>https://revenuemasters.com/rm-downloads</link>
     <title>RM Downloads | Revenue Masters</title>
     <description>RM Downloads | Revenue Masters</description>
     <ror:updatePeriod></ror:updatePeriod>
     <ror:sortOrder>1</ror:sortOrder>
     <ror:resourceOf>sitemap</ror:resourceOf>
</item>
<item>
     <link>https://revenuemasters.com/node/97</link>
     <title>RM Validate Brochure Form | Revenue Masters</title>
     <description>RM Validate Brochure Form | Revenue Masters</description>
     <ror:updatePeriod></ror:updatePeriod>
     <ror:sortOrder>2</ror:sortOrder>
     <ror:resourceOf>sitemap</ror:resourceOf>
</item>
<item>
     <link>https://revenuemasters.com/rmra-brochure-download-form</link>
     <title>RMRA Brochure Download Form | Revenue Masters</title>
     <description>RMRA Brochure Download Form | Revenue Masters</description>
     <ror:updatePeriod></ror:updatePeriod>
     <ror:sortOrder>2</ror:sortOrder>
     <ror:resourceOf>sitemap</ror:resourceOf>
</item>
<item>
     <link>https://revenuemasters.com/case-study-download-form</link>
     <title>Case Study Download Form | Revenue Masters</title>
     <description>Case Study Download Form | Revenue Masters</description>
     <ror:updatePeriod></ror:updatePeriod>
     <ror:sortOrder>2</ror:sortOrder>
     <ror:resourceOf>sitemap</ror:resourceOf>
</item>
<item>
     <link>https://revenuemasters.com/pv-brochure-form</link>
     <title>PV Brochure Form | Revenue Masters</title>
     <description>PV Brochure Form | Revenue Masters</description>
     <ror:updatePeriod></ror:updatePeriod>
     <ror:sortOrder>2</ror:sortOrder>
     <ror:resourceOf>sitemap</ror:resourceOf>
</item>
<item>
     <link>https://revenuemasters.com/white-paper-download</link>
     <title>White Paper Download | Revenue Masters</title>
     <description>White Paper Download | Revenue Masters</description>
     <ror:updatePeriod></ror:updatePeriod>
     <ror:sortOrder>2</ror:sortOrder>
     <ror:resourceOf>sitemap</ror:resourceOf>
</item>
<item>
     <link>https://revenuemasters.com/partner-brochure-download-form</link>
     <title>Partner Brochure Download Form | Revenue Masters</title>
     <description>Partner Brochure Download Form | Revenue Masters</description>
     <ror:updatePeriod></ror:updatePeriod>
     <ror:sortOrder>2</ror:sortOrder>
     <ror:resourceOf>sitemap</ror:resourceOf>
</item>
<item>
     <link>https://revenuemasters.com/blog/healthcare-providers-collected-vs-collectable</link>
     <title>Healthcare Contract Management Software | Better Collections/CvC</title>
     <description>Healthcare contract management software - essential for healthcare providers better collections (CvC). Ensure your payers claims are paid contracted amount</description>
     <ror:updatePeriod></ror:updatePeriod>
     <ror:sortOrder>2</ror:sortOrder>
     <ror:resourceOf>sitemap</ror:resourceOf>
</item>
<item>
     <link>https://revenuemasters.com/blog/healthcare-contract-management-security</link>
     <title>Healthcare Contract Management Company Achieves HITRUST CSF® Cert</title>
     <description>Revenue Masters healthcare contract management software achieves HITRUST CSF Certification. Validating commitment to regulations &amp;amp; sensitive info protection</description>
     <ror:updatePeriod></ror:updatePeriod>
     <ror:sortOrder>2</ror:sortOrder>
     <ror:resourceOf>sitemap</ror:resourceOf>
</item>
<item>
     <link>https://revenuemasters.com/Healthcare-Payer-Contract-Management-software-info</link>
     <title>Healthcare Payer Contract Management | Stop Denials/Underpayments</title>
     <description>Denials &amp;amp; underpayments are a challenge for healthcare RCM departments. Healthcare payer contract management technology simplifies denials &amp;amp; underpayments.</description>
     <ror:updatePeriod></ror:updatePeriod>
     <ror:sortOrder>2</ror:sortOrder>
     <ror:resourceOf>sitemap</ror:resourceOf>
</item>
<item>
     <link>https://revenuemasters.com/blog/coming-sept-1-association-health-plans</link>
     <title>New Association Health Plans&amp;#039; Effect in Payer Contract Management</title>
     <description>Learn the effect of new Association Health Plans taking effect in September for healthcare providers&amp;#039; payer contract management.</description>
     <ror:updatePeriod></ror:updatePeriod>
     <ror:sortOrder>2</ror:sortOrder>
     <ror:resourceOf>sitemap</ror:resourceOf>
</item>
<item>
     <link>https://revenuemasters.com/blog/cutting-costs-healthcare-contract-management</link>
     <title>blog/cutting-costs-healthcare-contract-management</title>
     <description>Healthcare costs are rising at a steady rate. Many factors contribute to a healthy revenue cycle, healthcare contract management best practices are important to cut costs.</description>
     <ror:updatePeriod></ror:updatePeriod>
     <ror:sortOrder>2</ror:sortOrder>
     <ror:resourceOf>sitemap</ror:resourceOf>
</item>
<item>
     <link>https://revenuemasters.com/blog/accurate-revenue-forecasting</link>
     <title>Healthcare Contract Management | Revenue Forecasting</title>
     <description>Healthcare contract modeling and management, accurate revenue forecasting, fast and efficient payment recovery. Learn about powerful healthcare contract management software with revenue forecasting tool.</description>
     <ror:updatePeriod></ror:updatePeriod>
     <ror:sortOrder>2</ror:sortOrder>
     <ror:resourceOf>sitemap</ror:resourceOf>
</item>
<item>
     <link>https://revenuemasters.com/blog-grid?page=0</link>
     <title>Blog Grid | Revenue Masters</title>
     <description>Blog Grid | Revenue Masters</description>
     <ror:updatePeriod></ror:updatePeriod>
     <ror:sortOrder>2</ror:sortOrder>
     <ror:resourceOf>sitemap</ror:resourceOf>
</item>
<item>
     <link>https://revenuemasters.com/blog-grid?page=1</link>
     <title>Blog Grid | Revenue Masters</title>
     <description>Blog Grid | Revenue Masters</description>
     <ror:updatePeriod></ror:updatePeriod>
     <ror:sortOrder>2</ror:sortOrder>
     <ror:resourceOf>sitemap</ror:resourceOf>
</item>
<item>
     <link>https://revenuemasters.com/tags/healthcare-contract-management-software</link>
     <title>healthcare contract management software | Revenue Masters</title>
     <description>healthcare contract management software | Revenue Masters</description>
     <ror:updatePeriod></ror:updatePeriod>
     <ror:sortOrder>3</ror:sortOrder>
     <ror:resourceOf>sitemap</ror:resourceOf>
</item>
<item>
     <link>https://revenuemasters.com/tags/denial-management</link>
     <title>denial management | Revenue Masters</title>
     <description>denial management | Revenue Masters</description>
     <ror:updatePeriod></ror:updatePeriod>
     <ror:sortOrder>3</ror:sortOrder>
     <ror:resourceOf>sitemap</ror:resourceOf>
</item>
<item>
     <link>https://revenuemasters.com/tags/underpayments-management</link>
     <title>underpayments management | Revenue Masters</title>
     <description>underpayments management | Revenue Masters</description>
     <ror:updatePeriod></ror:updatePeriod>
     <ror:sortOrder>3</ror:sortOrder>
     <ror:resourceOf>sitemap</ror:resourceOf>
</item>
<item>
     <link>https://revenuemasters.com/tags/healthcare-software-security</link>
     <title>healthcare software security | Revenue Masters</title>
     <description>healthcare software security | Revenue Masters</description>
     <ror:updatePeriod></ror:updatePeriod>
     <ror:sortOrder>3</ror:sortOrder>
     <ror:resourceOf>sitemap</ror:resourceOf>
</item>
<item>
     <link>https://revenuemasters.com/tags/healthcare-compliance</link>
     <title>healthcare compliance | Revenue Masters</title>
     <description>healthcare compliance | Revenue Masters</description>
     <ror:updatePeriod></ror:updatePeriod>
     <ror:sortOrder>3</ror:sortOrder>
     <ror:resourceOf>sitemap</ror:resourceOf>
</item>
<item>
     <link>https://revenuemasters.com/tags/healthcare-contract-management</link>
     <title>healthcare contract management | Revenue Masters</title>
     <description>healthcare contract management | Revenue Masters</description>
     <ror:updatePeriod></ror:updatePeriod>
     <ror:sortOrder>3</ror:sortOrder>
     <ror:resourceOf>sitemap</ror:resourceOf>
</item>
<item>
     <link>https://revenuemasters.com/tags/payer-contract-management-software</link>
     <title>payer contract management software | Revenue Masters</title>
     <description>payer contract management software | Revenue Masters</description>
     <ror:updatePeriod></ror:updatePeriod>
     <ror:sortOrder>3</ror:sortOrder>
     <ror:resourceOf>sitemap</ror:resourceOf>
</item>
<item>
     <link>https://revenuemasters.com/tags/healthcare-contract-modeling</link>
     <title>healthcare contract modeling | Revenue Masters</title>
     <description>healthcare contract modeling | Revenue Masters</description>
     <ror:updatePeriod></ror:updatePeriod>
     <ror:sortOrder>3</ror:sortOrder>
     <ror:resourceOf>sitemap</ror:resourceOf>
</item>
<item>
     <link>https://revenuemasters.com/tags/healthcare-denials-and-underpayments-management</link>
     <title>healthcare denials and underpayments management | Revenue Masters</title>
     <description>healthcare denials and underpayments management | Revenue Masters</description>
     <ror:updatePeriod></ror:updatePeriod>
     <ror:sortOrder>3</ror:sortOrder>
     <ror:resourceOf>sitemap</ror:resourceOf>
</item>
<item>
     <link>https://revenuemasters.com/tags/healthcare-underpayments</link>
     <title>healthcare underpayments | Revenue Masters</title>
     <description>healthcare underpayments | Revenue Masters</description>
     <ror:updatePeriod></ror:updatePeriod>
     <ror:sortOrder>3</ror:sortOrder>
     <ror:resourceOf>sitemap</ror:resourceOf>
</item>
<item>
     <link>https://revenuemasters.com/tags/medical-contract-management-software</link>
     <title>medical contract management software | Revenue Masters</title>
     <description>medical contract management software | Revenue Masters</description>
     <ror:updatePeriod></ror:updatePeriod>
     <ror:sortOrder>3</ror:sortOrder>
     <ror:resourceOf>sitemap</ror:resourceOf>
</item>
<item>
     <link>https://revenuemasters.com/tags/claims-management-software</link>
     <title>claims management software | Revenue Masters</title>
     <description>claims management software | Revenue Masters</description>
     <ror:updatePeriod></ror:updatePeriod>
     <ror:sortOrder>3</ror:sortOrder>
     <ror:resourceOf>sitemap</ror:resourceOf>
</item>
<item>
     <link>https://revenuemasters.com/tags/payer-contract-management</link>
     <title>payer contract management | Revenue Masters</title>
     <description>payer contract management | Revenue Masters</description>
     <ror:updatePeriod></ror:updatePeriod>
     <ror:sortOrder>3</ror:sortOrder>
     <ror:resourceOf>sitemap</ror:resourceOf>
</item>
<item>
     <link>https://revenuemasters.com/tags/healthcare-contract-management-solutions</link>
     <title>healthcare contract management solutions | Revenue Masters</title>
     <description>healthcare contract management solutions | Revenue Masters</description>
     <ror:updatePeriod></ror:updatePeriod>
     <ror:sortOrder>3</ror:sortOrder>
     <ror:resourceOf>sitemap</ror:resourceOf>
</item>
<item>
     <link>https://revenuemasters.com/tags/denials-and-underpayments-management</link>
     <title>denials and underpayments management | Revenue Masters</title>
     <description>denials and underpayments management | Revenue Masters</description>
     <ror:updatePeriod></ror:updatePeriod>
     <ror:sortOrder>3</ror:sortOrder>
     <ror:resourceOf>sitemap</ror:resourceOf>
</item>
<item>
     <link>https://revenuemasters.com/tags/healthcare-payment-review-and-recovery</link>
     <title>healthcare payment review and recovery | Revenue Masters</title>
     <description>healthcare payment review and recovery | Revenue Masters</description>
     <ror:updatePeriod></ror:updatePeriod>
     <ror:sortOrder>3</ror:sortOrder>
     <ror:resourceOf>sitemap</ror:resourceOf>
</item>
<item>
     <link>https://revenuemasters.com/tags/healthcare-contracts</link>
     <title>healthcare contracts | Revenue Masters</title>
     <description>healthcare contracts | Revenue Masters</description>
     <ror:updatePeriod></ror:updatePeriod>
     <ror:sortOrder>3</ror:sortOrder>
     <ror:resourceOf>sitemap</ror:resourceOf>
</item>
<item>
     <link>https://revenuemasters.com/tags/payer-contract-management-and-modeling</link>
     <title>payer contract management and modeling | Revenue Masters</title>
     <description>payer contract management and modeling | Revenue Masters</description>
     <ror:updatePeriod></ror:updatePeriod>
     <ror:sortOrder>3</ror:sortOrder>
     <ror:resourceOf>sitemap</ror:resourceOf>
</item>
<item>
     <link>https://revenuemasters.com/blog/zero-balance-managed-care-recovery</link>
     <title>Zero Balance Managed Care Recovery | Revenue Masters</title>
     <description>Are you a healthcare provider leaving significant sums uncollected?  Are your payer payment discrepancies metrics not promptly updated? Do you question how much revenue you, as a healthcare provider, are missing out on?  If so, then your facility is a good candidate for Revenue Masters Managed Care Recovery Service.</description>
     <ror:updatePeriod></ror:updatePeriod>
     <ror:sortOrder>3</ror:sortOrder>
     <ror:resourceOf>sitemap</ror:resourceOf>
</item>
<item>
     <link>https://revenuemasters.com/blog/signs-your-rcm-system-needs-makeover</link>
     <title>Signs Your RCM System Needs a Makeover | Revenue Masters</title>
     <description>Successful Revenue Cycle Management is a primary goal for healthcare providers.  The revenue cycle is the entire life of a patient account from the time it is created to the time it is paid and closed. The healthcare revenue cycle is already a complicated system and outdated or incompatible ways of managing aren’t helping. Following are some indicators that it is time for a RCM system improvement.</description>
     <ror:updatePeriod></ror:updatePeriod>
     <ror:sortOrder>3</ror:sortOrder>
     <ror:resourceOf>sitemap</ror:resourceOf>
</item>
<item>
     <link>https://revenuemasters.com/blog/denials-and-underpayments-management</link>
     <title>Denials and Underpayments Management | Revenue Masters</title>
     <description>Payment variances are a big concern for healthcare providers.  Because of significant revenue loss, denials and underpayments management is a top priority.</description>
     <ror:updatePeriod></ror:updatePeriod>
     <ror:sortOrder>3</ror:sortOrder>
     <ror:resourceOf>sitemap</ror:resourceOf>
</item>
<item>
     <link>https://revenuemasters.com/tags/denials-management</link>
     <title>Denials Management | Revenue Masters</title>
     <description>Denials Management | Revenue Masters</description>
     <ror:updatePeriod></ror:updatePeriod>
     <ror:sortOrder>4</ror:sortOrder>
     <ror:resourceOf>sitemap</ror:resourceOf>
</item>
<item>
     <link>https://revenuemasters.com/taxonomy/term/3</link>
     <title>tag3 | Revenue Masters</title>
     <description>tag3 | Revenue Masters</description>
     <ror:updatePeriod></ror:updatePeriod>
     <ror:sortOrder>4</ror:sortOrder>
     <ror:resourceOf>sitemap</ror:resourceOf>
</item>
<item>
     <link>https://revenuemasters.com/taxonomy/term/4</link>
     <title>tag4 | Revenue Masters</title>
     <description>tag4 | Revenue Masters</description>
     <ror:updatePeriod></ror:updatePeriod>
     <ror:sortOrder>4</ror:sortOrder>
     <ror:resourceOf>sitemap</ror:resourceOf>
</item>
<item>
     <link>https://revenuemasters.com/taxonomy/term/5</link>
     <title>tag5 | Revenue Masters</title>
     <description>tag5 | Revenue Masters</description>
     <ror:updatePeriod></ror:updatePeriod>
     <ror:sortOrder>4</ror:sortOrder>
     <ror:resourceOf>sitemap</ror:resourceOf>
</item>
<item>
     <link>https://revenuemasters.com/taxonomy/term/2</link>
     <title>tag2 | Revenue Masters</title>
     <description>tag2 | Revenue Masters</description>
     <ror:updatePeriod></ror:updatePeriod>
     <ror:sortOrder>4</ror:sortOrder>
     <ror:resourceOf>sitemap</ror:resourceOf>
</item>
</channel>
</rss>
  